{"/scratch-shared/scur2577/cpo_dataset/arguana/llmt_preference_Meta-Llama-3.1-8B-Instruct-FP8_10000.json": {"avg_score": 0.7654221417861325, "min_score": 0.3055252432823181, "max_score": 1.0}, "/scratch-shared/scur2577/cpo_dataset/climate_fever/llmt_preference_Meta-Llama-3.1-8B-Instruct-FP8_10000.json": {"avg_score": 0.9188596513233191, "min_score": 0.2311648726463318, "max_score": 1.0}, "/scratch-shared/scur2577/cpo_dataset/scidocs/llmt_preference_Meta-Llama-3.1-8B-Instruct-FP8_10000.json": {"avg_score": 0.8982719827906706, "min_score": 0.23868674039840698, "max_score": 0.9983747005462646}, "/scratch-shared/scur2577/cpo_dataset/trec_covid/llmt_preference_Meta-Llama-3.1-8B-Instruct-FP8_10000.json": {"avg_score": 0.6749163026288152, "min_score": 0.21083977818489075, "max_score": 1.0}, "/scratch-shared/scur2577/cpo_dataset/webis_touche2020/llmt_preference_Meta-Llama-3.1-8B-Instruct-FP8_10000.json": {"avg_score": 0.6069596410121607, "min_score": 0.27117660641670227, "max_score": 1.0}}