{"/scratch-shared/scur2577/cpo_dataset/arguana/llmt_preference_Meta-Llama-3.1-8B-Instruct-FP8_10000.json": {"avg_score": 0.7432609224532332, "min_score": 0.25541868805885315, "max_score": 1.0}, "/scratch-shared/scur2577/cpo_dataset/climate_fever/llmt_preference_Meta-Llama-3.1-8B-Instruct-FP8_10000.json": {"avg_score": 0.8354532048327937, "min_score": 0.2348095327615738, "max_score": 1.0}, "/scratch-shared/scur2577/cpo_dataset/scidocs/llmt_preference_Meta-Llama-3.1-8B-Instruct-FP8_10000.json": {"avg_score": 0.8430029143704407, "min_score": 0.22317175567150116, "max_score": 0.9963030815124512}, "/scratch-shared/scur2577/cpo_dataset/trec_covid/llmt_preference_Meta-Llama-3.1-8B-Instruct-FP8_10000.json": {"avg_score": 0.5595474298864603, "min_score": 0.2151380032300949, "max_score": 1.0}, "/scratch-shared/scur2577/cpo_dataset/webis_touche2020/llmt_preference_Meta-Llama-3.1-8B-Instruct-FP8_10000.json": {"avg_score": 0.4905900019666423, "min_score": 0.2518146336078644, "max_score": 1.0}}