{"D136159": 0.4203225076198578, "D2095410": 0.8163714408874512, "D445292": 0.423584520816803, "D2308808": 0.6877325773239136, "D2530940": 0.9522400498390198, "D2811858": 0.7884992361068726, "D69937": 0.5257572531700134, "D1861903": 0.9333182573318481, "D1051769": 0.8797599077224731, "D2210733": 0.5313020348548889, "D3543877": 0.6057083010673523, "D2847890": 0.8273566365242004, "D1590817": 0.9548736810684204, "D1501089": 0.4085836708545685, "D2239263": 0.803396463394165, "D1455291": 0.9337761402130127, "D2561428": 0.4449426233768463, "D902500": 0.8291311860084534, "D51451": 0.9496147632598877, "D2578655": 0.796409010887146, "D671456": 0.6680419445037842, "D98696": 0.3814639151096344, "D795578": 0.9637728929519653, "D1665061": 0.452420175075531, "D234060": 0.9307030439376831, "D1010404": 0.9775692820549011, "D1812068": 0.8809149861335754, "D290850": 0.946021556854248, "D669377": 0.9057958126068115, "D226004": 0.5783054828643799, "D718772": 0.6613037586212158, "D1200904": 0.3757704198360443, "D944405": 0.490083247423172, "D1429863": 0.9141190052032471, "D1639653": 0.9266424179077148, "D1500589": 0.854232132434845, "D1573242": 0.9316840767860413, "D1622989": 0.7749117612838745, "D1901425": 0.48280972242355347, "D1126964": 0.9201200604438782, "D1892078": 0.8624324798583984, "D211341": 0.9390009045600891, "D93891": 0.5230695009231567, "D1236165": 0.8954426050186157, "D1771348": 0.45887768268585205, "D42148": 0.9596689343452454, "D707898": 0.9685635566711426, "D1725786": 0.8787130117416382, "D1315840": 0.5247770547866821, "D2986936": 0.950298547744751, "D2424775": 0.4595069885253906, "D308005": 0.7461373805999756, "D1027136": 0.4635466933250427, "D725010": 0.912911057472229, "D2123655": 0.8229498267173767, "D2534611": 0.43391335010528564, "D863101": 0.922290563583374, "D2930613": 0.9114123582839966, "D2155945": 0.4626706540584564, "D408529": 0.4054180979728699, "D585685": 0.8323794603347778, "D2268029": 0.9133334159851074, "D723352": 0.5424901843070984, "D3027739": 0.4264853894710541, "D1390605": 0.9446430206298828, "D586662": 0.6098254919052124, "D1237384": 0.7152681350708008, "D1583890": 0.8747094869613647, "D1831065": 0.9219646453857422, "D812543": 0.961971640586853, "D2119181": 0.49000462889671326, "D1775966": 0.5182614326477051, "D203521": 0.5382487773895264, "D2205290": 0.9079709649085999, "D1706030": 0.584815502166748, "D2870122": 0.8046404719352722, "D378366": 0.9201527237892151, "D1680194": 0.9091522693634033, "D870679": 0.5167027115821838, "D1513744": 0.9301278591156006, "D2183530": 0.858126699924469, "D2284923": 0.9694266319274902, "D210690": 0.9634543657302856, "D555865": 0.600678563117981, "D2227353": 0.9188483953475952, "D1337468": 0.9485551118850708, "D843812": 0.7506784796714783, "D190573": 0.792102575302124, "D468323": 0.4681728482246399, "D2943723": 0.5176184177398682, "D1704882": 0.4254858195781708, "D1012269": 0.4785749316215515, "D1094583": 0.862119197845459, "D1823912": 0.5490139722824097, "D2850465": 0.9050948619842529, "D377799": 0.4598104655742645, "D31228": 0.8360404968261719, "D3033312": 0.912738561630249, "D2822421": 0.9549685716629028, "D526015": 0.8224235773086548}