{
    "avg_score": 0.6745352730154991,
    "min_score": 0.3059077560901642,
    "max_score": 0.9705360531806946
}