{"D136159": 0.4236155152320862, "D2095410": 0.7685027122497559, "D445292": 0.44763094186782837, "D2308808": 0.43578648567199707, "D2530940": 0.9483934640884399, "D2811858": 0.7786999940872192, "D69937": 0.5558382272720337, "D1861903": 0.9494356513023376, "D1051769": 0.3059077560901642, "D2210733": 0.4780599772930145, "D3543877": 0.7424395084381104, "D2847890": 0.8273566365242004, "D1590817": 0.9695602655410767, "D1501089": 0.4085836708545685, "D2239263": 0.7900810241699219, "D1455291": 0.8602905869483948, "D2561428": 0.41152510046958923, "D902500": 0.8998822569847107, "D51451": 0.9496147632598877, "D2578655": 0.6903109550476074, "D671456": 0.6614982485771179, "D98696": 0.3967154622077942, "D795578": 0.9387656450271606, "D1665061": 0.4112655520439148, "D234060": 0.46295034885406494, "D1010404": 0.6539024114608765, "D1812068": 0.3931037187576294, "D290850": 0.9051005840301514, "D669377": 0.9001402854919434, "D226004": 0.43534865975379944, "D718772": 0.45169034600257874, "D1200904": 0.3511994481086731, "D944405": 0.4995853304862976, "D1429863": 0.9141190052032471, "D1639653": 0.9266424179077148, "D1500589": 0.6563633680343628, "D1573242": 0.9324902296066284, "D1622989": 0.38269704580307007, "D1901425": 0.48280972242355347, "D1126964": 0.9201200604438782, "D1892078": 0.9491732716560364, "D211341": 0.9371620416641235, "D93891": 0.5186132192611694, "D1236165": 0.7955572009086609, "D1771348": 0.4564724862575531, "D42148": 0.9581291675567627, "D707898": 0.9705360531806946, "D1725786": 0.8365938663482666, "D1315840": 0.9084384441375732, "D2986936": 0.950298547744751, "D2424775": 0.4130338728427887, "D308005": 0.6901522874832153, "D1027136": 0.4635466933250427, "D725010": 0.912911057472229, "D2123655": 0.925373911857605, "D2534611": 0.4407196044921875, "D863101": 0.7300792336463928, "D2930613": 0.9253819584846497, "D2155945": 0.45737871527671814, "D408529": 0.38891610503196716, "D585685": 0.78482586145401, "D2268029": 0.9447823166847229, "D723352": 0.5424901843070984, "D3027739": 0.3737260699272156, "D1390605": 0.9446430206298828, "D586662": 0.592894434928894, "D1237384": 0.7152681350708008, "D1583890": 0.7275499105453491, "D1831065": 0.9529222249984741, "D812543": 0.936829149723053, "D2119181": 0.49035701155662537, "D1775966": 0.4684750437736511, "D203521": 0.5382487773895264, "D2205290": 0.9015820622444153, "D1706030": 0.4318382143974304, "D2870122": 0.4583676755428314, "D378366": 0.31148725748062134, "D1680194": 0.9091522693634033, "D870679": 0.5167027115821838, "D1513744": 0.5862857103347778, "D2183530": 0.858055591583252, "D2284923": 0.9694266319274902, "D210690": 0.9634543657302856, "D555865": 0.6276037693023682, "D2227353": 0.8325116634368896, "D1337468": 0.8973221778869629, "D843812": 0.780290961265564, "D190573": 0.792102575302124, "D468323": 0.462820440530777, "D2943723": 0.5434653759002686, "D1704882": 0.4254858195781708, "D1012269": 0.460437536239624, "D1094583": 0.5080893039703369, "D1823912": 0.5867418646812439, "D2850465": 0.5952596664428711, "D377799": 0.5079801678657532, "D31228": 0.4833022356033325, "D3033312": 0.8941577672958374, "D2822421": 0.43829241394996643, "D526015": 0.7518078088760376}