{
    "avg_score": 0.7388804796338081,
    "min_score": 0.3757704198360443,
    "max_score": 0.9775692820549011
}